{
    "merkurius": {
        "r": -90,
        "speedConst": 0.0159,
        "size": 15,
        "f1": 228,
        "f2": 214,
        "f3": 180,
        "orbit": {
            "size": 180,
            "f1": 228,
            "f2": 214,
            "f3": 180
        }
    },
    "venus": {
        "r": -115,
        "speedConst": 0.0118,
        "size": 25,
        "f1": 241,
        "f2": 213,
        "f3": 145,
        "orbit": {
            "size": 230,
            "f1": 241,
            "f2": 213,
            "f3": 145
        }
    },
    "bumi": {
        "r": -147,
        "speedConst": 0.01,
        "size": 28,
        "f1": 44,
        "f2": 42,
        "f3": 188,
        "orbit": {
            "size": 295,
            "f1": 44,
            "f2": 42,
            "f3": 188
        }
    },
    "mars": {
        "r": -176,
        "speedConst": 0.00808,
        "size": 22,
        "f1": 102,
        "f2": 50,
        "f3": 23,
        "orbit": {
            "size": 350,
            "f1": 102,
            "f2": 50,
            "f3": 23
        }
    },
    "jupiter": {
        "r": -210,
        "speedConst": 0.00439,
        "size": 36,
        "f1": 196,
        "f2": 182,
        "f3": 236,
        "orbit": {
            "size": 420,
            "f1": 196,
            "f2": 182,
            "f3": 236
        }
    },
    "saturnus": {
        "r": -250,
        "speedConst": 0.00325,
        "size": 34,
        "f1": 252,
        "f2": 216,
        "f3": 194,
        "orbit": {
            "size": 500,
            "f1": 252,
            "f2": 216,
            "f3": 194
        }
    },
    "uranus": {
        "r": -287,
        "speedConst": 0.00228,
        "size": 30,
        "f1": 136,
        "f2": 185,
        "f3": 197,
        "orbit": {
            "size": 575,
            "f1": 136,
            "f2": 185,
            "f3": 197
        }
    },
    "neptunus": {
        "r": -321,
        "speedConst": 0.00182,
        "size": 30,
        "f1": 95,
        "f2": 104,
        "f3": 159,
        "orbit": {
            "size": 643,
            "f1": 95,
            "f2": 104,
            "f3": 159
        }
    }
}